7.05,-7.71,-3.00
7.17,-7.02,-3.32
6.46,-7.22,-2.95
7.68,-7.63,-3.06
7.13,-6.52,-2.87
8.28,-6.35,-2.69
8.35,-5.58,-2.43
8.84,-6.01,-2.54
8.58,-4.93,-1.70
10.35,-5.38,-1.80
9.42,-5.48,-1.93
9.59,-4.53,-1.22
10.87,-4.65,-1.46
9.95,-4.07,-1.16
10.80,-4.20,-1.53
10.97,-4.47,-1.64
10.52,-3.95,-1.78
10.59,-3.72,-2.04
10.44,-3.83,-1.84
10.18,-3.85,-1.98
9.93,-3.86,-2.09
9.95,-3.82,-2.09
10.48,-4.02,-2.12
10.11,-4.27,-1.96
10.07,-4.21,-2.09
9.79,-4.32,-1.96
9.88,-4.98,-2.03
9.75,-5.01,-1.92
9.64,-4.76,-2.09
9.79,-5.01,-2.12
9.59,-5.17,-1.76
9.29,-5.26,-1.80
9.21,-5.92,-1.95
8.95,-5.74,-1.92
8.57,-5.66,-2.18
8.75,-5.25,-2.39
8.95,-5.88,-2.48
8.76,-5.64,-2.47
8.36,-5.72,-2.78
8.29,-5.93,-2.78
7.81,-6.45,-2.76
7.58,-6.39,-2.88
7.82,-6.79,-2.94
7.54,-6.89,-2.94
7.42,-6.45,-2.98
6.85,-7.35,-3.22
7.03,-7.47,-3.20
6.86,-7.64,-3.22
6.42,-8.37,-3.29
5.88,-8.36,-3.31
5.53,-8.48,-3.35
5.13,-8.35,-3.46
5.06,-8.06,-3.59
4.93,-8.83,-3.56
4.95,-8.42,-3.56
4.28,-8.96,-3.41
4.24,-8.74,-3.49
4.12,-8.56,-3.50
4.00,-8.76,-3.52
4.05,-9.57,-3.30
2.73,-9.37,-3.21
2.54,-9.11,-3.17
2.25,-8.76,-3.44
2.15,-9.82,-3.45
1.79,-9.05,-3.35
1.57,-9.39,-3.45
1.31,-9.24,-3.38
0.90,-9.42,-3.55
-0.01,-9.77,-3.50
-0.25,-9.90,-3.45
0.12,-9.45,-3.53
-0.46,-9.57,-3.65
-0.79,-9.66,-3.59
-0.88,-9.54,-3.67
-1.07,-9.55,-3.75
-1.46,-8.98,-3.63
-2.09,-9.34,-3.63
-2.90,-9.65,-3.36
-2.63,-9.40,-3.52
-2.68,-8.18,-3.76
-2.23,-8.43,-3.85
-2.72,-9.11,-3.40
-2.68,-9.21,-3.60
-3.04,-8.95,-3.46
-2.60,-8.38,-3.62
-3.25,-9.03,-3.55
-3.48,-9.26,-3.45
-3.39,-7.78,-3.30
-3.75,-8.71,-3.51
-4.35,-9.12,-3.41
-4.47,-8.25,-3.29
-4.68,-6.88,-2.97
-4.92,-7.46,-3.07
-5.64,-8.64,-2.93
-5.53,-7.84,-3.07
-5.74,-6.21,-2.68
-5.38,-7.02,-2.79
-5.53,-7.42,-2.63
-5.96,-7.87,-2.71
-6.54,-7.52,-2.48
-5.78,-6.84,-2.43
-5.66,-6.62,-2.49
-6.87,-7.85,-2.10
-6.34,-6.38,-2.12
-6.64,-5.64,-1.75
-7.05,-6.53,-1.84
-7.20,-5.83,-1.65
-7.24,-5.74,-1.36
-7.75,-5.33,-1.20
-7.20,-5.24,-1.12
-7.98,-5.53,-0.90
-8.28,-4.41,-0.50
-8.26,-4.33,-0.23
-8.20,-3.68,-0.20
-8.50,-3.85,-0.14
-9.16,-4.01,0.30
-8.12,-3.50,0.02
-8.83,-3.26,0.32
-8.45,-3.07,0.46
-9.08,-3.20,0.90
-8.52,-2.83,0.59
-8.50,-3.20,0.57
-8.92,-3.02,0.76
-9.10,-2.86,0.90
-8.82,-2.66,0.65
-9.11,-2.43,0.65
-9.40,-2.73,0.84
-9.39,-2.85,0.82
-9.11,-2.58,0.73
-8.89,-2.71,0.51
-8.92,-2.92,0.66
-9.03,-3.03,0.71
-8.77,-2.53,0.54
-9.02,-2.23,0.73
-8.49,-2.48,0.66
-9.36,-2.94,0.85
-9.04,-2.70,0.79
-9.21,-2.62,0.73
-8.61,-2.94,0.48
-8.60,-2.96,0.53
-9.11,-3.06,0.47
-8.72,-3.00,0.46
-8.74,-3.52,0.38
-8.85,-3.36,0.32
-8.56,-3.53,0.23
-8.55,-3.89,0.08
-8.71,-4.13,0.16
-7.74,-3.89,-0.03
-7.73,-4.05,-0.27
-8.24,-4.75,-0.19
-8.29,-4.46,-0.06
-7.29,-4.07,-0.53
-7.30,-4.83,-0.64
-8.15,-5.06,-0.24
-7.55,-4.88,-0.32
-6.91,-5.33,-0.47
-6.96,-5.53,-0.41
-7.31,-6.00,-0.50
-7.52,-6.36,-0.20
-6.87,-6.52,-0.69
-6.14,-6.94,-0.67
-5.74,-6.92,-0.63
-6.04,-6.99,-0.90
-5.51,-7.01,-1.09
-5.63,-7.88,-1.15
-6.25,-8.01,-1.27
-6.17,-7.51,-2.05
-4.98,-7.47,-1.76
-4.83,-8.24,-1.93
-5.01,-8.97,-1.74
-4.39,-8.95,-2.04
-3.15,-8.27,-2.36
-2.02,-8.64,-2.57
-2.85,-10.21,-2.07
-2.58,-9.46,-2.63
-2.20,-8.21,-2.82
-1.89,-8.41,-3.16
-2.24,-9.15,-3.10
-2.89,-9.44,-2.94
-2.89,-8.91,-3.02
-2.13,-8.81,-3.12
-1.74,-8.84,-3.13
-1.87,-9.52,-3.16
-1.42,-9.45,-3.18
-0.59,-9.30,-3.51
0.41,-9.37,-3.69
0.80,-9.03,-3.81
0.92,-8.93,-3.87
1.30,-9.10,-3.84
2.28,-9.14,-3.91
2.97,-9.19,-3.88
2.70,-8.74,-3.98
2.74,-8.69,-3.82
2.80,-8.75,-3.95
3.33,-9.12,-3.76
3.27,-8.88,-3.84
3.91,-9.15,-3.60
4.35,-8.35,-3.98
4.73,-8.38,-3.82
5.20,-9.21,-3.56
5.61,-8.69,-3.51
6.68,-7.54,-3.64
8.09,-8.14,-3.11
7.39,-8.27,-2.91
7.16,-7.14,-3.48
6.52,-6.62,-3.34
6.53,-7.40,-3.41
6.79,-7.35,-2.80
6.75,-7.13,-2.68
7.38,-6.74,-2.56
6.93,-6.22,-2.33
7.88,-6.04,-1.61
8.12,-5.21,-1.52
9.01,-4.67,-1.63
9.61,-4.60,-1.36
8.66,-5.26,-0.85
10.30,-5.34,-0.59
10.61,-4.68,-0.59
10.91,-4.81,-0.58
10.50,-3.94,-0.50
10.41,-3.79,-0.47
10.35,-3.37,-0.44
10.19,-4.05,-0.45
9.96,-3.85,-0.62
9.56,-3.70,-0.70
9.81,-4.09,-0.53
10.08,-3.24,-0.46
9.84,-3.29,-0.55
10.05,-3.51,-0.45
10.81,-4.19,-0.55
10.88,-4.25,-0.59
9.89,-3.49,-0.97
9.79,-3.67,-0.75
9.91,-3.59,-0.63
10.46,-3.75,-0.54
10.28,-3.74,-0.60
10.08,-3.32,-0.74
10.45,-3.89,-0.64
10.77,-3.96,-0.69
10.50,-4.10,-0.82
10.03,-3.48,-0.91
10.48,-4.16,-1.00
10.41,-4.54,-1.21
10.01,-4.32,-1.16
9.69,-4.59,-1.43
9.91,-4.61,-1.54
9.59,-4.71,-1.55
9.59,-4.75,-1.62
9.31,-4.90,-1.58
9.44,-5.34,-1.69
9.12,-5.23,-1.75
9.09,-5.37,-1.97
8.81,-6.17,-1.98
8.56,-5.95,-2.09
8.58,-5.94,-2.15
8.40,-6.25,-2.20
7.93,-6.28,-2.36
7.90,-6.72,-2.55
7.50,-6.43,-2.65
7.62,-6.92,-2.55
7.32,-7.50,-2.69
7.02,-7.08,-2.61
6.73,-7.40,-2.51
6.18,-8.02,-2.66
5.86,-8.13,-2.67
5.89,-8.00,-2.77
5.93,-8.24,-2.89
5.69,-8.28,-2.96
5.26,-8.66,-3.00
5.01,-8.44,-2.89
4.64,-8.29,-2.92
4.51,-9.14,-2.83
4.30,-9.22,-2.84
3.91,-8.64,-2.81
3.64,-8.84,-2.86
3.71,-9.30,-2.86
3.49,-8.90,-2.78
2.72,-9.36,-2.78
2.52,-9.39,-2.75
1.93,-9.33,-2.79
2.19,-9.49,-2.96
2.15,-9.57,-2.85
2.41,-9.45,-3.01
1.72,-9.61,-2.88
1.24,-9.57,-2.89
0.55,-9.68,-2.97
0.56,-9.49,-3.08
0.18,-9.74,-3.04
-0.14,-9.62,-2.85
-0.65,-9.70,-2.88
-0.37,-9.56,-3.06
-1.25,-9.16,-3.18
-1.68,-9.16,-2.97
-2.06,-9.40,-2.90
-1.70,-9.18,-3.08
-2.35,-9.00,-3.03
-2.55,-8.74,-2.96
-2.67,-8.98,-2.90
-3.37,-8.80,-2.96
-3.92,-8.45,-2.78
-4.20,-8.65,-2.78
-4.52,-8.36,-2.77
-4.81,-7.83,-2.65
-5.55,-8.37,-2.48
-5.28,-7.76,-2.73
-5.00,-7.66,-2.93
-4.78,-7.89,-2.76
-5.25,-7.77,-2.56
-5.52,-7.22,-2.58
-5.92,-6.98,-2.25
-5.97,-7.18,-2.52
-8.03,-5.83,-2.35
-4.78,-7.63,-3.22
-7.44,-7.26,-2.46
-6.91,-6.28,-1.74
-6.70,-5.99,-1.37
-6.72,-5.67,-1.27
-6.89,-5.61,-1.20
-6.95,-5.56,-0.91
-6.60,-5.76,-0.92
-7.91,-4.98,-0.55
-7.78,-4.89,-0.43
-8.04,-4.97,-0.28
-7.34,-4.37,-0.41
-7.80,-4.65,-0.12
-8.49,-5.19,0.23
-8.33,-4.43,0.49
-8.03,-3.43,0.43
-8.21,-3.27,0.47
-8.73,-3.56,0.57
-8.87,-3.50,0.85
-8.84,-3.33,0.98
-9.09,-3.75,0.89
-8.84,-3.59,0.74
-8.70,-3.20,0.80
-8.46,-3.01,0.81
-8.66,-3.22,0.91
-8.76,-3.31,0.73
-8.37,-2.96,0.61
-8.73,-3.18,0.58
-8.54,-3.12,0.55
-9.19,-3.25,0.83
-8.83,-3.11,0.70
-8.82,-3.37,0.71
-8.44,-2.96,0.58
-8.84,-3.09,0.73
-8.57,-3.07,0.69
-8.51,-3.08,0.68
-8.26,-3.31,0.62
-8.70,-3.13,0.76
-8.41,-3.11,0.69
-8.54,-2.88,0.82
-8.58,-2.85,0.72
-9.06,-3.52,0.88
-8.60,-3.51,0.92
-9.09,-3.43,0.72
-8.97,-3.35,0.77
-8.98,-3.44,0.61
-8.63,-3.41,0.63
-9.20,-3.50,0.62
-9.03,-3.38,0.64
-8.50,-3.86,0.28
-9.07,-3.92,0.63
-9.21,-4.35,0.59
-9.40,-4.52,0.85
-8.32,-4.64,0.46
-9.14,-4.61,0.40
-7.88,-3.69,0.45
-7.99,-4.10,-0.08
-8.23,-4.11,-0.07
-7.61,-4.44,-0.12
-7.35,-4.15,-0.03
-7.25,-4.70,-0.51
-7.47,-4.98,-0.32
-7.16,-4.88,-0.17
-7.27,-5.07,-0.31
-7.01,-5.21,-0.48
-7.10,-5.89,-0.57
-7.24,-5.79,-0.59
-6.93,-6.39,-0.56
-6.29,-6.64,-0.68
-6.06,-6.93,-0.91
-5.79,-7.06,-0.94
-5.23,-7.07,-1.08
-5.50,-7.80,-1.17
-4.89,-8.18,-1.25
-4.89,-8.28,-1.37
-3.75,-7.73,-1.68
-3.39,-8.06,-1.74
-3.75,-8.99,-1.63
-3.90,-9.87,-1.58
-2.92,-8.84,-2.02
-1.36,-9.19,-2.70
-1.75,-9.50,-2.55
-2.19,-9.73,-2.61
-2.14,-9.19,-2.91
-1.52,-8.82,-3.06
-0.68,-9.23,-3.19
-0.82,-9.69,-3.33
-0.72,-9.82,-3.46
-0.97,-9.57,-3.70
-0.59,-9.40,-3.73
-0.18,-9.67,-3.73
0.37,-9.64,-4.06
0.56,-9.43,-4.09
0.60,-9.37,-4.20
1.20,-9.31,-4.23
1.52,-9.18,-4.25
1.81,-9.32,-4.22
2.18,-9.05,-4.39
2.54,-9.47,-4.26
2.91,-9.16,-4.33
3.57,-8.65,-4.49
3.82,-8.28,-4.72
3.50,-8.45,-4.71
3.72,-8.83,-4.51
4.20,-8.53,-5.00
4.24,-7.90,-4.65
4.31,-8.01,-4.92
4.53,-8.09,-4.57
5.42,-7.76,-4.84
6.05,-7.46,-4.94
6.10,-6.45,-4.99
7.08,-7.54,-4.95
7.08,-6.56,-5.05
7.18,-7.12,-4.53
7.51,-7.03,-4.66
7.54,-6.71,-4.42
7.77,-6.62,-4.39
7.93,-6.05,-4.58
7.46,-6.14,-4.35
7.76,-5.60,-4.41
7.91,-5.91,-4.29
8.48,-4.75,-4.17
8.51,-4.85,-4.07
8.66,-4.82,-3.60
