-12.89,-0.84,-3.84
-0.60,-6.63,-15.03
19.10,-20.85,-25.76
23.14,-28.27,-28.39
11.37,-21.51,-23.45
9.66,-12.97,-17.12
3.69,-1.32,-9.48
-10.30,3.87,-2.12
-21.42,8.10,8.61
-21.51,10.70,12.98
-19.18,0.86,4.54
-12.07,-7.96,-4.95
-1.26,-10.85,-12.91
12.79,-12.21,-22.24
23.00,-18.40,-29.40
16.82,-21.95,-27.55
9.02,-13.02,-19.83
3.90,-0.28,-10.98
-6.10,2.58,-3.48
-16.95,4.66,5.83
-22.07,8.04,12.84
-21.00,-0.55,7.35
-12.57,-6.00,-1.14
-1.79,-7.98,-10.01
14.91,-13.79,-20.75
19.06,-26.73,-27.05
12.13,-24.93,-23.96
7.30,-12.87,-17.27
3.41,-2.40,-9.98
-5.26,3.09,-3.13
-14.03,4.64,3.64
-18.86,10.00,10.28
-19.84,8.81,9.50
-14.98,-3.39,-0.83
-3.45,-10.50,-11.02
14.41,-15.29,-21.33
18.98,-25.04,-27.58
15.12,-25.43,-26.07
10.17,-14.95,-20.76
5.19,0.33,-11.66
-6.95,2.96,-3.74
-18.19,7.61,4.08
-22.01,10.46,8.54
-17.97,1.61,2.80
-9.18,-6.62,-3.33
-0.27,-12.51,-9.95
9.86,-12.90,-16.70
16.69,-23.27,-24.35
13.75,-24.23,-24.77
7.64,-12.08,-18.50
2.99,-0.51,-9.95
-11.18,4.24,-1.89
-14.63,7.49,5.45
-12.20,3.23,7.18
-13.13,-6.85,6.71
-8.45,-11.28,1.33
1.61,-10.38,-9.12
13.40,-17.21,-22.07
8.85,-27.65,-25.28
3.55,-22.27,-21.15
1.37,-9.39,-13.65
-1.52,1.39,-5.46
-12.07,6.28,5.31
-15.74,10.91,14.49
-10.79,11.13,11.82
-8.18,5.13,3.45
-9.17,-6.08,-5.73
-3.15,-14.46,-18.40
10.03,-24.38,-30.51
16.22,-32.10,-33.50
5.95,-22.06,-26.14
2.47,-10.06,-16.43
-1.74,0.69,-7.39
-8.83,9.30,2.47
-20.29,14.68,16.19
-16.31,10.79,14.53
-9.55,3.62,4.47
-2.42,-4.30,-7.15
3.36,-18.35,-17.21
10.21,-33.17,-25.07
11.13,-34.90,-25.02
4.81,-20.41,-18.69
-0.50,-8.34,-10.71
-4.44,3.83,-2.98
-11.48,12.49,6.27
-17.96,19.58,15.10
-14.13,19.46,11.13
-8.70,10.53,-0.63
-1.87,-6.04,-14.27
9.46,-26.22,-26.76
12.60,-33.13,-30.58
10.92,-31.17,-27.48
6.51,-22.71,-21.77
4.81,-9.45,-15.31
-3.03,4.16,-6.91
-13.76,13.54,4.16
-23.53,28.34,20.71
-19.92,21.06,12.30
-13.57,4.60,-3.25
2.55,-11.94,-21.16
14.40,-32.02,-32.76
14.58,-39.90,-33.64
10.68,-29.40,-27.96
7.09,-11.98,-18.34
-1.27,5.76,-6.44
-21.04,30.12,17.18
-26.20,18.24,23.14
-18.59,8.92,7.66
-13.53,-0.99,-5.11
-6.62,-10.53,-18.47
16.60,-17.64,-32.61
18.57,-25.95,-37.60
10.91,-30.25,-34.94
7.33,-13.18,-25.35
7.54,7.69,-12.98
-12.12,19.74,0.25
-25.54,23.27,20.01
-21.26,6.88,10.12
-20.18,-7.72,0.57
-18.26,-12.65,-8.78
-6.22,-11.77,-20.82
21.43,-17.67,-33.64
27.81,-34.14,-36.38
7.05,-24.21,-30.59
7.53,-0.56,-19.03
-0.40,15.38,-5.54
-23.34,28.64,15.88
-33.18,13.31,24.46
-25.84,-5.71,4.29
-14.07,-5.86,-8.26
-2.22,-5.69,-18.78
15.96,-19.67,-33.11
34.13,-42.88,-37.40
15.01,-25.86,-30.81
10.35,-9.45,-20.05
6.55,13.17,-6.11
-23.51,35.56,17.20
-33.13,13.77,25.20
-20.80,-0.15,4.26
-8.62,-4.22,-10.15
15.43,-13.90,-28.28
21.69,-38.23,-36.22
19.62,-30.99,-33.31
12.27,-16.61,-25.59
5.74,8.18,-9.56
-18.91,34.65,17.09
-25.18,20.96,26.16
-16.44,5.68,5.24
-5.40,-7.13,-9.39
6.45,-14.37,-19.68
17.52,-33.78,-31.24
19.71,-36.38,-32.69
13.10,-18.95,-26.31
-1.04,-3.03,-14.10
-18.70,26.80,6.63
-41.55,30.35,33.57
-21.87,14.92,8.46
-13.18,-7.04,-12.25
12.30,-18.92,-29.89
17.32,-31.17,-36.81
14.10,-31.34,-35.14
10.62,-20.72,-29.71
5.74,-3.23,-18.81
-8.27,22.74,0.72
-30.86,37.40,35.55
-28.57,18.17,23.44
-18.43,-0.16,-5.02
-1.94,-13.72,-19.69
20.63,-20.12,-30.45
14.72,-37.37,-37.32
12.75,-36.06,-35.45
6.99,-14.77,-28.12
1.29,7.86,-12.61
-18.85,36.51,15.92
-30.25,29.63,27.74
-18.95,13.26,9.19
-8.09,-1.67,-7.80
5.36,-9.83,-18.05
10.94,-25.75,-31.20
13.73,-40.21,-37.29
12.73,-30.61,-32.52
10.52,-7.93,-20.96
-1.82,7.33,-8.69
-16.86,31.35,9.45
-28.87,28.99,27.98
-22.41,1.33,10.24
-6.35,2.14,-4.55
3.28,-5.18,-13.60
7.46,-26.09,-26.34
20.28,-43.99,-34.08
15.63,-34.53,-31.36
6.79,-14.66,-21.54
-3.33,8.95,-7.83
-19.33,28.54,14.79
-22.19,30.98,26.93
-14.28,10.78,7.83
-1.40,1.53,-5.44
-0.04,-15.80,-17.89
0.57,-40.10,-33.17
-0.01,-42.52,-36.03
-3.96,-26.21,-26.80
-3.78,-4.60,-13.89
-4.31,25.75,9.89
-8.18,41.96,26.65
-11.99,21.32,16.98
-9.48,2.05,-1.70
-3.86,-12.59,-15.18
-3.23,-40.05,-27.50
2.38,-49.37,-34.68
0.90,-30.27,-28.18
-3.34,5.77,-11.41
-11.99,44.75,21.92
-13.92,40.90,28.22
-9.31,13.00,3.96
-2.24,-11.84,-19.01
-0.94,-39.46,-30.90
-2.15,-49.24,-32.36
-0.75,-42.36,-31.86
-3.89,-10.41,-24.61
-1.62,55.43,11.27
-12.07,53.38,28.10
-7.86,28.98,6.94
-9.33,2.64,-13.02
-2.46,-22.01,-22.69
-2.70,-37.88,-28.50
-2.50,-51.64,-32.08
-2.27,-41.10,-30.04
-1.68,-9.76,-23.42
-4.60,32.61,1.50
-20.26,43.87,24.73
-12.77,26.84,15.39
-5.76,6.22,-4.35
-2.73,-14.25,-14.67
2.34,-30.97,-24.36
2.87,-47.56,-30.96
1.02,-43.63,-31.11
-0.41,-14.33,-26.55
-0.88,16.60,-10.98
-20.25,49.14,16.46
-26.83,27.81,28.92
-8.85,27.28,8.15
-6.75,7.77,-6.36
-7.31,-8.59,-17.99
1.84,-26.32,-33.08
14.00,-40.84,-39.24
6.23,-32.77,-29.87
-1.61,-18.38,-18.82
2.04,-2.23,-11.10
-7.73,4.17,-2.14
-17.95,8.72,9.70
-14.01,15.57,16.41
-5.46,10.37,8.27
-4.14,0.04,-2.89
2.53,-16.15,-16.25
9.73,-32.45,-32.35
9.49,-35.02,-31.27
4.26,-20.18,-23.79
-4.66,4.15,-7.76
-22.81,23.57,21.59
-13.82,25.14,18.71
-2.66,8.62,0.84
-3.30,-7.07,-8.04
4.29,-18.89,-19.49
9.80,-33.07,-29.30
7.81,-37.72,-30.16
2.09,-25.25,-25.29
-0.71,-0.15,-13.89
-16.11,26.85,11.79
-17.39,30.72,21.68
-7.78,16.17,8.84
-0.17,-0.21,-6.83
2.00,-15.13,-17.65
5.65,-33.10,-28.11
4.01,-42.25,-30.89
2.81,-32.58,-27.72
-3.76,-3.27,-16.17
-14.46,34.58,16.88
-12.49,28.46,20.88
-8.11,9.44,8.33
-4.31,-3.55,-6.68
4.33,-17.14,-20.39
5.01,-27.55,-26.95
-0.19,-34.99,-26.50
-1.62,-27.03,-22.33
-3.62,7.64,-6.53
-18.67,22.65,20.48
-17.72,5.77,16.86
-10.24,0.42,4.95
-2.34,-1.74,-8.99
6.01,-13.03,-22.56
16.31,-18.81,-33.89
16.43,-19.20,-35.33
10.74,-13.48,-28.14
-9.76,-0.30,-8.74
-22.25,14.11,16.66
-27.26,8.48,24.13
-15.58,-4.25,2.70
-10.41,-12.41,-11.18
5.76,-7.98,-25.39
25.87,-12.81,-38.23
18.59,-20.69,-36.66
7.36,-18.85,-28.99
0.88,-2.62,-17.29
-21.31,30.20,15.79
-22.94,18.72,22.40
-18.41,-0.52,6.92
-10.07,-9.81,-8.44
8.48,-13.31,-24.25
14.35,-24.45,-33.37
7.58,-32.31,-34.23
0.23,-23.28,-28.85
-0.50,-2.81,-18.27
-10.71,35.77,12.24
-24.74,30.32,29.50
-16.95,7.36,9.61
-7.90,-5.56,-8.52
8.99,-18.50,-23.43
9.04,-25.85,-30.76
2.21,-36.08,-31.74
-1.67,-26.60,-27.41
-1.84,-6.31,-17.82
0.87,40.60,10.60
-19.18,38.18,29.89
-14.50,8.49,8.40
-7.48,-7.35,-12.21
6.87,-18.88,-28.35
3.29,-30.52,-33.74
-2.90,-36.53,-32.02
-5.84,-24.10,-26.25
-0.37,7.97,-11.68
-13.07,34.82,27.11
-18.40,16.90,26.28
-13.91,3.05,8.42
-2.24,0.80,-11.89
7.21,-10.23,-29.14
4.13,-21.27,-36.22
0.22,-27.99,-37.62
-5.46,-17.48,-28.47
-6.94,10.27,-1.33
-9.03,9.03,20.72
-14.85,4.56,25.40
-8.59,-1.41,7.87
-1.32,-2.24,-12.97
2.60,-4.42,-29.81
-0.23,-10.83,-41.30
-0.65,-17.89,-49.92
-9.16,3.35,-25.43
-5.50,11.77,3.24
-8.37,4.53,25.86
-10.94,2.74,34.50
-6.33,3.67,14.46
-5.03,-2.07,-9.16
-0.75,-4.56,-26.74
-0.46,-14.00,-40.10
-0.09,-20.87,-43.20
-5.32,-16.38,-33.21
-0.69,10.36,-12.66
-0.85,27.55,22.59
-11.83,21.10,33.77
-10.80,-0.95,8.32
-2.67,-7.50,-13.28
-3.89,-23.48,-24.03
-4.62,-36.71,-29.60
-5.27,-34.12,-28.30
-5.27,-12.16,-18.54
-9.38,22.56,10.51
-16.60,28.51,28.08
-15.23,23.06,19.58
-3.39,5.41,-4.21
2.04,-12.73,-20.41
2.57,-30.72,-31.10
4.48,-38.16,-34.61
1.44,-33.34,-30.94
0.91,-9.14,-20.52
-9.33,26.03,4.43
-16.15,31.18,21.83
-10.90,19.37,15.55
-3.69,4.53,-2.75
-4.10,-14.68,-10.05
-5.17,-31.61,-16.92
-3.14,-44.31,-22.85
-5.44,-40.96,-21.41
-4.95,-13.02,-14.96
-5.37,25.01,3.89
-15.54,37.90,20.73
-11.92,25.25,13.98
-2.72,7.94,-5.11
-3.49,-10.93,-11.79
-5.32,-28.01,-17.50
-2.31,-45.25,-23.98
-1.02,-54.91,-17.96
-2.13,-20.52,-16.62
-3.24,13.24,-4.93
-13.39,27.97,11.79
-12.83,26.65,14.98
-6.35,11.23,2.46
-4.12,-3.25,-4.57
-6.29,-17.64,-9.34
-4.19,-35.73,-16.96
-2.27,-41.71,-20.00
-2.56,-31.96,-18.18
-2.14,-11.64,-12.29
-7.47,15.10,1.15
-16.61,29.30,17.95
-15.02,27.40,17.31
-10.40,10.90,1.10
-5.22,-6.30,-8.87
-1.55,-24.51,-18.17
0.69,-44.59,-25.89
1.82,-47.15,-28.23
0.14,-26.95,-23.47
-1.92,-3.17,-13.66
-12.81,29.86,8.26
-22.86,35.87,26.38
-12.95,21.74,10.83
-7.57,1.81,-3.43
-3.37,-11.61,-11.33
-1.87,-29.88,-20.74
0.67,-48.54,-28.91
-0.93,-36.54,-28.85
-2.29,-17.71,-19.23
-3.44,5.54,-6.05
-11.58,29.77,19.91
-13.71,31.88,26.23
-12.65,15.96,7.98
-4.63,2.76,-7.08
-7.34,-16.18,-13.72
-2.41,-39.99,-24.59
6.22,-49.05,-31.11
3.03,-35.54,-25.99
-0.41,-9.44,-16.25
-10.35,23.41,3.41
-18.96,29.68,20.70
-8.74,23.90,11.14
-6.06,7.29,0.14
